scenario,month,paid_users,new_paid,churned_paid,revenue,payment_and_billing,refund_reserve,paid_ai,paid_other_service,active_free_users,free_service,fixed_nonpayroll,acquisition,founder_compensation,profit_before_founder_pay,operating_profit_before_tax,cumulative_after_initial_investment
slow,1,30.0,30,0.0,570.0,29.52,11.4,90.0,30.0,300.0,75.0,500,1350,4000,-1515.92,-5515.92,-25515.92
slow,2,57.6,30,2.4,1094.4,56.6784,21.888,172.8,57.6,576.0,144.0,500,1350,4000,-1208.5664,-5208.5664,-30724.4864
slow,3,82.992,30,4.608,1576.848,81.6641,31.537,248.976,82.992,829.92,207.48,500,1350,4000,-925.8011,-4925.8011,-35650.2875
slow,4,106.3526,30,6.6394,2020.7002,104.651,40.414,319.0579,106.3526,1063.5264,265.8816,500,1350,4000,-665.657,-4665.657,-40315.9445
slow,5,127.8444,30,8.5082,2429.0441,125.7989,48.5809,383.5333,127.8444,1278.4443,319.6111,500,1350,4000,-426.3244,-4426.3244,-44742.2689
slow,6,147.6169,30,10.2276,2804.7206,145.255,56.0944,442.8506,147.6169,1476.1687,369.0422,500,1350,4000,-206.1385,-4206.1385,-48948.4074
slow,7,165.8075,30,11.8093,3150.343,163.1546,63.0069,497.4226,165.8075,1658.0752,414.5188,500,1350,4000,-3.5674,-4003.5674,-52951.9748
slow,8,182.5429,30,13.2646,3468.3155,179.6222,69.3663,547.6288,182.5429,1825.4292,456.3573,500,1350,4000,182.798,-3817.202,-56769.1768
slow,9,197.9395,30,14.6034,3760.8503,194.7725,75.217,593.8185,197.9395,1979.3949,494.8487,500,1350,4000,354.2541,-3645.7459,-60414.9227
slow,10,212.1043,30,15.8352,4029.9823,208.7107,80.5996,636.313,212.1043,2121.0433,530.2608,500,1350,4000,511.9938,-3488.0062,-63902.9289
slow,11,225.136,30,16.9683,4277.5837,221.5338,85.5517,675.4079,225.136,2251.3598,562.84,500,1350,4000,657.1143,-3342.8857,-67245.8146
slow,12,237.1251,30,18.0109,4505.377,233.3311,90.1075,711.3753,237.1251,2371.251,592.8128,500,1350,4000,790.6252,-3209.3748,-70455.1894
slow,13,248.1551,30,18.97,4714.9468,244.1846,94.2989,744.4653,248.1551,2481.551,620.3877,500,1350,4000,913.4552,-3086.5448,-73541.7342
slow,14,258.3027,30,19.8524,4907.7511,254.1698,98.155,774.9081,258.3027,2583.0269,645.7567,500,1350,4000,1026.4587,-2973.5413,-76515.2755
slow,15,267.6385,30,20.6642,5085.131,263.3563,101.7026,802.9154,267.6385,2676.3847,669.0962,500,1350,4000,1130.422,-2869.578,-79384.8535
slow,16,276.2274,30,21.4111,5248.3205,271.8078,104.9664,828.6822,276.2274,2762.274,690.5685,500,1350,4000,1226.0683,-2773.9317,-82158.7852
slow,17,284.1292,30,22.0982,5398.4549,279.5831,107.9691,852.3876,284.1292,2841.292,710.323,500,1350,4000,1314.0628,-2685.9372,-84844.7224
slow,18,291.3989,30,22.7303,5536.5785,286.7365,110.7316,874.1966,291.3989,2913.9887,728.4972,500,1350,4000,1395.0178,-2604.9822,-87449.7046
slow,19,298.087,30,23.3119,5663.6522,293.3176,113.273,894.2609,298.087,2980.8696,745.2174,500,1350,4000,1469.4964,-2530.5036,-89980.2082
slow,20,304.24,30,23.847,5780.56,299.3722,115.6112,912.72,304.24,3042.4,760.6,500,1350,4000,1538.0167,-2461.9833,-92442.1916
slow,21,309.9008,30,24.3392,5888.1152,304.9424,117.7623,929.7024,309.9008,3099.008,774.752,500,1350,4000,1601.0553,-2398.9447,-94841.1362
slow,22,315.1087,30,24.7921,5987.066,310.067,119.7413,945.3262,315.1087,3151.0874,787.7718,500,1350,4000,1659.0509,-2340.9491,-97182.0853
slow,23,319.9,30,25.2087,6078.1007,314.7816,121.562,959.7001,319.9,3199.0004,799.7501,500,1350,4000,1712.4068,-2287.5932,-99469.6785
slow,24,324.308,30,25.592,6161.8527,319.1191,123.2371,972.9241,324.308,3243.0804,810.7701,500,1350,4000,1761.4943,-2238.5057,-101708.1842
slow,25,328.3634,30,25.9446,6238.9045,323.1096,124.7781,985.0902,328.3634,3283.6339,820.9085,500,1350,4000,1806.6547,-2193.3453,-103901.5295
slow,26,332.0943,30,26.2691,6309.7921,326.7808,126.1958,996.283,332.0943,3320.9432,830.2358,500,1350,4000,1848.2024,-2151.7976,-106053.3271
slow,27,335.5268,30,26.5675,6375.0087,330.1583,127.5002,1006.5803,335.5268,3355.2678,838.8169,500,1350,4000,1886.4262,-2113.5738,-108166.901
slow,28,338.6846,30,26.8421,6435.008,333.2657,128.7002,1016.0539,338.6846,3386.8463,846.7116,500,1350,4000,1921.5921,-2078.4079,-110245.3089
slow,29,341.5899,30,27.0948,6490.2074,336.1244,129.8041,1024.7696,341.5899,3415.8986,853.9747,500,1350,4000,1953.9447,-2046.0553,-112291.3642
slow,30,344.2627,30,27.3272,6540.9908,338.7545,130.8198,1032.788,344.2627,3442.6267,860.6567,500,1350,4000,1983.7091,-2016.2909,-114307.655
slow,31,346.7217,30,27.541,6587.7115,341.1741,131.7542,1040.165,346.7217,3467.2166,866.8041,500,1350,4000,2011.0924,-1988.9076,-116296.5626
slow,32,348.9839,30,27.7377,6630.6946,343.4002,132.6139,1046.9518,348.9839,3489.8393,872.4598,500,1350,4000,2036.285,-1963.715,-118260.2776
slow,33,351.0652,30,27.9187,6670.239,345.4482,133.4048,1053.1956,351.0652,3510.6521,877.663,500,1350,4000,2059.4622,-1940.5378,-120200.8154
slow,34,352.98,30,28.0852,6706.6199,347.3323,134.1324,1058.94,352.98,3529.8,882.45,500,1350,4000,2080.7852,-1919.2148,-122120.0302
slow,35,354.7416,30,28.2384,6740.0903,349.0657,134.8018,1064.2248,354.7416,3547.416,886.854,500,1350,4000,2100.4024,-1899.5976,-124019.6278
slow,36,356.3623,30,28.3793,6770.8831,350.6605,135.4177,1069.0868,356.3623,3563.6227,890.9057,500,1350,4000,2118.4502,-1881.5498,-125901.1775
slow,37,357.8533,30,28.509,6799.2125,352.1276,135.9842,1073.5599,357.8533,3578.5329,894.6332,500,1350,4000,2135.0542,-1864.9458,-127766.1233
slow,38,359.225,30,28.6283,6825.2755,353.4774,136.5055,1077.6751,359.225,3592.2502,898.0626,500,1350,4000,2150.3299,-1849.6701,-129615.7935
slow,39,360.487,30,28.738,6849.2534,354.7192,136.9851,1081.4611,360.487,3604.8702,901.2176,500,1350,4000,2164.3835,-1835.6165,-131451.41
slow,40,361.6481,30,28.839,6871.3131,355.8617,137.4263,1084.9442,361.6481,3616.4806,904.1202,500,1350,4000,2177.3128,-1822.6872,-133274.0972
slow,41,362.7162,30,28.9318,6891.6081,356.9128,137.8322,1088.1486,362.7162,3627.1622,906.7905,500,1350,4000,2189.2078,-1810.7922,-135084.8894
slow,42,363.6989,30,29.0173,6910.2794,357.8797,138.2056,1091.0968,363.6989,3636.9892,909.2473,500,1350,4000,2200.1512,-1799.8488,-136884.7383
slow,43,364.603,30,29.0959,6927.4571,358.7694,138.5491,1093.809,364.603,3646.03,911.5075,500,1350,4000,2210.2191,-1789.7809,-138674.5192
slow,44,365.4348,30,29.1682,6943.2605,359.5878,138.8652,1096.3043,365.4348,3654.3476,913.5869,500,1350,4000,2219.4815,-1780.5185,-140455.0377
slow,45,366.2,30,29.2348,6957.7997,360.3408,139.156,1098.5999,366.2,3661.9998,915.5,500,1350,4000,2228.003,-1771.997,-142227.0347
slow,46,366.904,30,29.296,6971.1757,361.0335,139.4235,1100.712,366.904,3669.0398,917.26,500,1350,4000,2235.8428,-1764.1572,-143991.1919
slow,47,367.5517,30,29.3523,6983.4817,361.6708,139.6696,1102.655,367.5517,3675.5167,918.8792,500,1350,4000,2243.0554,-1756.9446,-145748.1365
slow,48,368.1475,30,29.4041,6994.8031,362.2572,139.8961,1104.4426,368.1475,3681.4753,920.3688,500,1350,4000,2249.6909,-1750.3091,-147498.4456
slow,49,368.6957,30,29.4518,7005.2189,362.7966,140.1044,1106.0872,368.6957,3686.9573,921.7393,500,1350,4000,2255.7956,-1744.2044,-149242.65
slow,50,369.2001,30,29.4957,7014.8014,363.2929,140.296,1107.6002,369.2001,3692.0007,923.0002,500,1350,4000,2261.412,-1738.588,-150981.238
slow,51,369.6641,30,29.536,7023.6173,363.7494,140.4723,1108.9922,369.6641,3696.6407,924.1602,500,1350,4000,2266.579,-1733.421,-152714.6589
slow,52,370.0909,30,29.5731,7031.7279,364.1695,140.6346,1110.2728,370.0909,3700.9094,925.2274,500,1350,4000,2271.3327,-1728.6673,-154443.3262
slow,53,370.4837,30,29.6073,7039.1896,364.5559,140.7838,1111.451,370.4837,3704.8367,926.2092,500,1350,4000,2275.7061,-1724.2939,-156167.6201
slow,54,370.845,30,29.6387,7046.0545,364.9115,140.9211,1112.5349,370.845,3708.4497,927.1124,500,1350,4000,2279.7296,-1720.2704,-157887.8905
slow,55,371.1774,30,29.6676,7052.3701,365.2385,141.0474,1113.5321,371.1774,3711.7737,927.9434,500,1350,4000,2283.4312,-1716.5688,-159604.4593
slow,56,371.4832,30,29.6942,7058.1805,365.5395,141.1636,1114.4496,371.4832,3714.8318,928.708,500,1350,4000,2286.8367,-1713.1633,-161317.6225
slow,57,371.7645,30,29.7187,7063.5261,365.8163,141.2705,1115.2936,371.7645,3717.6453,929.4113,500,1350,4000,2289.9698,-1710.0302,-163027.6527
slow,58,372.0234,30,29.7412,7068.444,366.071,141.3689,1116.0701,372.0234,3720.2337,930.0584,500,1350,4000,2292.8522,-1707.1478,-164734.8005
slow,59,372.2615,30,29.7619,7072.9685,366.3053,141.4594,1116.7845,372.2615,3722.615,930.6537,500,1350,4000,2295.504,-1704.496,-166439.2965
slow,60,372.4806,30,29.7809,7077.131,366.5209,141.5426,1117.4417,372.4806,3724.8058,931.2014,500,1350,4000,2297.9437,-1702.0563,-168141.3527
base,1,80.0,80,0.0,1520.0,78.72,30.4,240.0,80.0,800.0,200.0,500,2000,4000,-1609.12,-5609.12,-25609.12
base,2,156.0,80,4.0,2964.0,153.504,59.28,468.0,156.0,1560.0,390.0,500,2000,4000,-762.784,-4762.784,-30371.904
base,3,228.2,80,7.8,4335.8,224.5488,86.716,684.6,228.2,2282.0,570.5,500,2000,4000,41.2352,-3958.7648,-34330.6688
base,4,296.79,80,11.41,5639.01,292.0414,112.7802,890.37,296.79,2967.9,741.975,500,2000,4000,805.0534,-3194.9466,-37525.6154
base,5,361.9505,80,14.8395,6877.0595,356.1593,137.5412,1085.8515,361.9505,3619.505,904.8762,500,2000,4000,1530.6808,-2469.3192,-39994.9346
base,6,423.853,80,18.0975,8053.2065,417.0713,161.0641,1271.5589,423.853,4238.5297,1059.6324,500,2000,4000,2220.0267,-1779.9733,-41774.9079
base,7,482.6603,80,21.1926,9170.5462,474.9378,183.4109,1447.981,482.6603,4826.6033,1206.6508,500,2000,4000,2874.9054,-1125.0946,-42900.0025
base,8,538.5273,80,24.133,10232.0189,529.9109,204.6404,1615.5819,538.5273,5385.2731,1346.3183,500,2000,4000,3497.0401,-502.9599,-43402.9623
base,9,591.6009,80,26.9264,11240.4179,582.1353,224.8084,1774.8028,591.6009,5916.0094,1479.0024,500,2000,4000,4088.0681,88.0681,-43314.8942
base,10,642.0209,80,29.58,12198.397,631.7486,243.9679,1926.0627,642.0209,6420.209,1605.0522,500,2000,4000,4649.5447,649.5447,-42665.3495
base,11,689.9199,80,32.101,13108.4772,678.8811,262.1695,2069.7596,689.9199,6899.1985,1724.7996,500,2000,4000,5182.9475,1182.9475,-41482.402
base,12,735.4239,80,34.496,13973.0533,723.6571,279.4611,2206.2716,735.4239,7354.2386,1838.5596,500,2000,4000,5689.6801,1689.6801,-39792.7219
base,13,778.6527,80,36.7712,14794.4007,766.1942,295.888,2335.958,778.6527,7786.5267,1946.6317,500,2000,4000,6171.0761,2171.0761,-37621.6458
base,14,819.72,80,38.9326,15574.6806,806.6045,311.4936,2459.1601,819.72,8197.2003,2049.3001,500,2000,4000,6628.4023,2628.4023,-34993.2436
base,15,858.734,80,40.986,16315.9466,844.9943,326.3189,2576.2021,858.734,8587.3403,2146.8351,500,2000,4000,7062.8622,3062.8622,-31930.3814
base,16,895.7973,80,42.9367,17020.1493,881.4646,340.403,2687.392,895.7973,8957.9733,2239.4933,500,2000,4000,7475.5991,3475.5991,-28454.7823
base,17,931.0075,80,44.7899,17689.1418,916.1113,353.7828,2793.0224,931.0075,9310.0746,2327.5187,500,2000,4000,7867.6991,3867.6991,-24587.0832
base,18,964.4571,80,46.5504,18324.6847,949.0258,366.4937,2893.3713,964.4571,9644.5709,2411.1427,500,2000,4000,8240.1942,4240.1942,-20346.889
base,19,996.2342,80,48.2229,18928.4505,980.2945,378.569,2988.7027,996.2342,9962.3424,2490.5856,500,2000,4000,8594.0645,4594.0645,-15752.8246
base,20,1026.4225,80,49.8117,19502.028,1009.9998,390.0406,3079.2676,1026.4225,10264.2252,2566.0563,500,2000,4000,8930.2412,4930.2412,-10822.5833
base,21,1055.1014,80,51.3211,20046.9266,1038.2198,400.9385,3165.3042,1055.1014,10551.014,2637.7535,500,2000,4000,9249.6092,5249.6092,-5572.9742
base,22,1082.3463,80,52.7551,20564.5802,1065.0288,411.2916,3247.039,1082.3463,10823.4633,2705.8658,500,2000,4000,9553.0087,5553.0087,-19.9655
base,23,1108.229,80,54.1173,21056.3512,1090.4973,421.127,3324.687,1108.229,11082.2901,2770.5725,500,2000,4000,9841.2383,5841.2383,5821.2728
base,24,1132.8176,80,55.4115,21523.5337,1114.6925,430.4707,3398.4527,1132.8176,11328.1756,2832.0439,500,2000,4000,10115.0564,6115.0564,11936.3292
base,25,1156.1767,80,56.6409,21967.357,1137.6779,439.3471,3468.53,1156.1767,11561.7668,2890.4417,500,2000,4000,10375.1835,6375.1835,18311.5127
base,26,1178.3678,80,57.8088,22388.9891,1159.514,447.7798,3535.1035,1178.3678,11783.6785,2945.9196,500,2000,4000,10622.3044,6622.3044,24933.8171
base,27,1199.4495,80,58.9184,22789.5397,1180.2583,455.7908,3598.3484,1199.4495,11994.4946,2998.6236,500,2000,4000,10857.0691,6857.0691,31790.8862
base,28,1219.477,80,59.9725,23170.0627,1199.9654,463.4013,3658.431,1219.477,12194.7698,3048.6925,500,2000,4000,11080.0957,7080.0957,38870.9819
base,29,1238.5031,80,60.9738,23531.5596,1218.6871,470.6312,3715.5094,1238.5031,12385.0313,3096.2578,500,2000,4000,11291.9709,7291.9709,46162.9528
base,30,1256.578,80,61.9252,23874.9816,1236.4727,477.4996,3769.7339,1256.578,12565.7798,3141.4449,500,2000,4000,11493.2524,7493.2524,53656.2052
base,31,1273.7491,80,62.8289,24201.2325,1253.3691,484.0246,3821.2472,1273.7491,12737.4908,3184.3727,500,2000,4000,11684.4697,7684.4697,61340.6749
base,32,1290.0616,80,63.6875,24511.1709,1269.4206,490.2234,3870.1849,1290.0616,12900.6162,3225.1541,500,2000,4000,11866.1263,7866.1263,69206.8012
base,33,1305.5585,80,64.5031,24805.6123,1284.6696,496.1122,3916.6756,1305.5585,13055.5854,3263.8964,500,2000,4000,12038.6999,8038.6999,77245.5011
base,34,1320.2806,80,65.2779,25085.3317,1299.1561,501.7066,3960.8418,1320.2806,13202.8062,3300.7015,500,2000,4000,12202.6449,8202.6449,85448.1461
base,35,1334.2666,80,66.014,25351.0651,1312.9183,507.0213,4002.7998,1334.2666,13342.6659,3335.6665,500,2000,4000,12358.3927,8358.3927,93806.5387
base,36,1347.5533,80,66.7133,25603.5119,1325.9924,512.0702,4042.6598,1347.5533,13475.5326,3368.8831,500,2000,4000,12506.3531,8506.3531,102312.8918
base,37,1360.1756,80,67.3777,25843.3363,1338.4128,516.8667,4080.5268,1360.1756,13601.7559,3400.439,500,2000,4000,12646.9154,8646.9154,110959.8072
base,38,1372.1668,80,68.0088,26071.1695,1350.2121,521.4234,4116.5004,1372.1668,13721.6681,3430.417,500,2000,4000,12780.4496,8780.4496,119740.2569
base,39,1383.5585,80,68.6083,26287.611,1361.4215,525.7522,4150.6754,1383.5585,13835.5847,3458.8962,500,2000,4000,12907.3072,8907.3072,128647.564
base,40,1394.3805,80,69.1779,26493.2304,1372.0705,529.8646,4183.1416,1394.3805,13943.8055,3485.9514,500,2000,4000,13027.8218,9027.8218,137675.3858
base,41,1404.6615,80,69.719,26688.5689,1382.1869,533.7714,4213.9846,1404.6615,14046.6152,3511.6538,500,2000,4000,13142.3107,9142.3107,146817.6965
base,42,1414.4284,80,70.2331,26874.1405,1391.7976,537.4828,4243.2853,1414.4284,14144.2845,3536.0711,500,2000,4000,13251.0752,9251.0752,156068.7717
base,43,1423.707,80,70.7214,27050.4334,1400.9277,541.0087,4271.1211,1423.707,14237.0702,3559.2676,500,2000,4000,13354.4014,9354.4014,165423.1731
base,44,1432.5217,80,71.1854,27217.9118,1409.6013,544.3582,4297.565,1432.5217,14325.2167,3581.3042,500,2000,4000,13452.5613,9452.5613,174875.7345
base,45,1440.8956,80,71.6261,27377.0162,1417.8413,547.5403,4322.6868,1440.8956,14408.9559,3602.239,500,2000,4000,13545.8133,9545.8133,184421.5477
base,46,1448.8508,80,72.0448,27528.1654,1425.6692,550.5633,4346.5524,1448.8508,14488.5081,3622.127,500,2000,4000,13634.4026,9634.4026,194055.9503
base,47,1456.4083,80,72.4425,27671.7571,1433.1057,553.4351,4369.2248,1456.4083,14564.0827,3641.0207,500,2000,4000,13718.5625,9718.5625,203774.5128
base,48,1463.5879,80,72.8204,27808.1693,1440.1704,556.1634,4390.7636,1463.5879,14635.8786,3658.9696,500,2000,4000,13798.5144,9798.5144,213573.0272
base,49,1470.4085,80,73.1794,27937.7608,1446.8819,558.7552,4411.2254,1470.4085,14704.0846,3676.0212,500,2000,4000,13874.4686,9874.4686,223447.4958
base,50,1476.888,80,73.5204,28060.8728,1453.2578,561.2175,4430.6641,1476.888,14768.8804,3692.2201,500,2000,4000,13946.6252,9946.6252,233394.121
base,51,1483.0436,80,73.8444,28177.8291,1459.3149,563.5566,4449.1309,1483.0436,14830.4364,3707.6091,500,2000,4000,14015.1739,10015.1739,243409.295
base,52,1488.8915,80,74.1522,28288.9377,1465.0692,565.7788,4466.6744,1488.8915,14888.9146,3722.2286,500,2000,4000,14080.2953,10080.2953,253489.5902
base,53,1494.4469,80,74.4446,28394.4908,1470.5357,567.8898,4483.3406,1494.4469,14944.4688,3736.1172,500,2000,4000,14142.1605,10142.1605,263631.7507
base,54,1499.7245,80,74.7223,28494.7662,1475.7289,569.8953,4499.1736,1499.7245,14997.2454,3749.3113,500,2000,4000,14200.9325,10200.9325,273832.6832
base,55,1504.7383,80,74.9862,28590.0279,1480.6625,571.8006,4514.2149,1504.7383,15047.3831,3761.8458,500,2000,4000,14256.7658,10256.7658,284089.449
base,56,1509.5014,80,75.2369,28680.5265,1485.3494,573.6105,4528.5042,1509.5014,15095.014,3773.7535,500,2000,4000,14309.8075,10309.8075,294399.2566
base,57,1514.0263,80,75.4751,28766.5002,1489.8019,575.33,4542.079,1514.0263,15140.2633,3785.0658,500,2000,4000,14360.1972,10360.1972,304759.4537
base,58,1518.325,80,75.7013,28848.1752,1494.0318,576.9635,4554.975,1518.325,15183.2501,3795.8125,500,2000,4000,14408.0673,10408.0673,315167.5211
base,59,1522.4088,80,75.9163,28925.7664,1498.0502,578.5153,4567.2263,1522.4088,15224.0876,3806.0219,500,2000,4000,14453.5439,10453.5439,325621.065
base,60,1526.2883,80,76.1204,28999.4781,1501.8677,579.9896,4578.865,1526.2883,15262.8832,3815.7208,500,2000,4000,14496.7467,10496.7467,336117.8118
strong,1,160.0,160,0.0,3040.0,157.44,60.8,480.0,160.0,1600.0,400.0,500,3200,4000,-1918.24,-5918.24,-25918.24
strong,2,315.2,160,4.8,5988.8,310.1568,119.776,945.6,315.2,3152.0,788.0,500,3200,4000,-189.9328,-4189.9328,-30108.1728
strong,3,465.744,160,9.456,8849.136,458.2921,176.9827,1397.232,465.744,4657.44,1164.36,500,3200,4000,1486.5252,-2513.4748,-32621.6476
strong,4,611.7717,160,13.9723,11623.6619,601.9833,232.4732,1835.315,611.7717,6117.7168,1529.4292,500,3200,4000,3112.6894,-887.3106,-33508.9582
strong,5,753.4185,160,18.3532,14314.9521,741.3638,286.299,2260.2556,753.4185,7534.1853,1883.5463,500,3200,4000,4690.0687,690.0687,-32818.8894
strong,6,890.816,160,22.6026,16925.5035,876.5629,338.5101,2672.4479,890.816,8908.1597,2227.0399,500,3200,4000,6220.1267,2220.1267,-30598.7628
strong,7,1024.0915,160,26.7245,19457.7384,1007.706,389.1548,3072.2745,1024.0915,10240.9149,2560.2287,500,3200,4000,7704.2829,3704.2829,-26894.4799
strong,8,1153.3687,160,30.7227,21914.0062,1134.9148,438.2801,3460.1062,1153.3687,11533.6875,2883.4219,500,3200,4000,9143.9144,5143.9144,-21750.5655
strong,9,1278.7677,160,34.6011,24296.5861,1258.3074,485.9317,3836.3031,1278.7677,12787.6769,3196.9192,500,3200,4000,10540.357,6540.357,-15210.2085
strong,10,1400.4047,160,38.363,26607.6885,1377.9982,532.1538,4201.214,1400.4047,14004.0466,3501.0116,500,3200,4000,11894.9063,7894.9063,-7315.3023
strong,11,1518.3925,160,42.0121,28849.4578,1494.0982,576.9892,4555.1776,1518.3925,15183.9252,3795.9813,500,3200,4000,13208.8191,9208.8191,1893.5168
strong,12,1632.8407,160,45.5518,31023.9741,1606.7153,620.4795,4898.5222,1632.8407,16328.4074,4082.1019,500,3200,4000,14483.3145,10483.3145,12376.8313
strong,13,1743.8555,160,48.9852,33133.2549,1715.9538,662.6651,5231.5666,1743.8555,17438.5552,4359.6388,500,3200,4000,15719.5751,11719.5751,24096.4064
strong,14,1851.5399,160,52.3157,35179.2572,1821.9152,703.5851,5554.6196,1851.5399,18515.3985,4628.8496,500,3200,4000,16918.7478,12918.7478,37015.1542
strong,15,1955.9937,160,55.5462,37163.8795,1924.6978,743.2776,5867.981,1955.9937,19559.9366,4889.9841,500,3200,4000,18081.9454,14081.9454,51097.0995
strong,16,2057.3138,160,58.6798,39088.9631,2024.3968,781.7793,6171.9415,2057.3138,20573.1385,5143.2846,500,3200,4000,19210.247,15210.247,66307.3466
strong,17,2155.5944,160,61.7194,40956.2942,2121.1049,819.1259,6466.7833,2155.5944,21555.9443,5388.9861,500,3200,4000,20304.6996,16304.6996,82612.0462
strong,18,2250.9266,160,64.6678,42767.6054,2214.9118,855.3521,6752.7798,2250.9266,22509.266,5627.3165,500,3200,4000,21366.3186,17366.3186,99978.3648
strong,19,2343.3988,160,67.5278,44524.5772,2305.9044,890.4915,7030.1964,2343.3988,23433.988,5858.497,500,3200,4000,22396.0891,18396.0891,118374.4538
strong,20,2433.0968,160,70.302,46228.8399,2394.1673,924.5768,7299.2905,2433.0968,24330.9684,6082.7421,500,3200,4000,23394.9664,19394.9664,137769.4202
strong,21,2520.1039,160,72.9929,47881.9747,2479.7823,957.6395,7560.3118,2520.1039,25201.0393,6300.2598,500,3200,4000,24363.8774,20363.8774,158133.2976
strong,22,2604.5008,160,75.6031,49485.5155,2562.8288,989.7103,7813.5024,2604.5008,26045.0081,6511.252,500,3200,4000,25303.7211,21303.7211,179437.0187
strong,23,2686.3658,160,78.135,51040.95,2643.3839,1020.819,8059.0974,2686.3658,26863.6579,6715.9145,500,3200,4000,26215.3694,22215.3694,201652.3881
strong,24,2765.7748,160,80.591,52549.7215,2721.5224,1050.9944,8297.3244,2765.7748,27657.7482,6914.437,500,3200,4000,27099.6684,23099.6684,224752.0565
strong,25,2842.8016,160,82.9732,54013.2299,2797.3167,1080.2646,8528.4047,2842.8016,28428.0157,7107.0039,500,3200,4000,27957.4383,23957.4383,248709.4948
strong,26,2917.5175,160,85.284,55432.833,2870.8372,1108.6567,8752.5526,2917.5175,29175.1752,7293.7938,500,3200,4000,28789.4752,24789.4752,273498.9699
strong,27,2989.992,160,87.5255,56809.848,2942.1521,1136.197,8969.976,2989.992,29899.92,7474.98,500,3200,4000,29596.5509,25596.5509,299095.5208
strong,28,3060.2922,160,89.6998,58145.5525,3011.3276,1162.9111,9180.8767,3060.2922,30602.9224,7650.7306,500,3200,4000,30379.4144,26379.4144,325474.9352
strong,29,3128.4835,160,91.8088,59441.186,3078.4277,1188.8237,9385.4504,3128.4835,31284.8347,7821.2087,500,3200,4000,31138.7919,27138.7919,352613.7272
strong,30,3194.629,160,93.8545,60697.9504,3143.5149,1213.959,9583.8869,3194.629,31946.2897,7986.5724,500,3200,4000,31875.3882,27875.3882,380489.1153
strong,31,3258.7901,160,95.8389,61917.0119,3206.6495,1238.3402,9776.3703,3258.7901,32587.901,8146.9752,500,3200,4000,32589.8865,28589.8865,409079.0019
strong,32,3321.0264,160,97.7637,63099.5015,3267.89,1261.99,9963.0792,3321.0264,33210.264,8302.566,500,3200,4000,33282.9499,29282.9499,438361.9518
strong,33,3381.3956,160,99.6308,64246.5165,3327.2933,1284.9303,10144.1868,3381.3956,33813.956,8453.489,500,3200,4000,33955.2214,29955.2214,468317.1733
strong,34,3439.9537,160,101.4419,65359.121,3384.9145,1307.1824,10319.8612,3439.9537,34399.5374,8599.8843,500,3200,4000,34607.3248,30607.3248,498924.4981
strong,35,3496.7551,160,103.1986,66438.3474,3440.807,1328.7669,10490.2654,3496.7551,34967.5512,8741.8878,500,3200,4000,35239.8651,31239.8651,530164.3631
strong,36,3551.8525,160,104.9027,67485.1969,3495.0228,1349.7039,10655.5574,3551.8525,35518.5247,8879.6312,500,3200,4000,35853.4291,31853.4291,562017.7922
strong,37,3605.2969,160,106.5556,68500.641,3547.6121,1370.0128,10815.8907,3605.2969,36052.969,9013.2422,500,3200,4000,36448.5862,32448.5862,594466.3785
strong,38,3657.138,160,108.1589,69485.6218,3598.6238,1389.7124,10971.414,3657.138,36571.3799,9142.845,500,3200,4000,37025.8886,33025.8886,627492.2671
strong,39,3707.4238,160,109.7141,70441.0531,3648.1051,1408.8211,11122.2715,3707.4238,37074.2385,9268.5596,500,3200,4000,37585.872,33585.872,661078.1391
strong,40,3756.2011,160,111.2227,71367.8215,3696.1019,1427.3564,11268.6034,3756.2011,37562.0113,9390.5028,500,3200,4000,38129.0558,34129.0558,695207.1949
strong,41,3803.5151,160,112.686,72266.7869,3742.6589,1445.3357,11410.5453,3803.5151,38035.151,9508.7877,500,3200,4000,38655.9442,34655.9442,729863.1391
strong,42,3849.4096,160,114.1055,73138.7833,3787.8191,1462.7757,11548.2289,3849.4096,38494.0965,9623.5241,500,3200,4000,39167.0258,35167.0258,765030.1649
strong,43,3893.9274,160,115.4823,73984.6198,3831.6245,1479.6924,11681.7821,3893.9274,38939.2736,9734.8184,500,3200,4000,39662.7751,35662.7751,800692.94
strong,44,3937.1095,160,116.8178,74805.0812,3874.1158,1496.1016,11811.3286,3937.1095,39371.0954,9842.7738,500,3200,4000,40143.6518,36143.6518,836836.5918
strong,45,3978.9963,160,118.1133,75600.9288,3915.3323,1512.0186,11936.9888,3978.9963,39789.9625,9947.4906,500,3200,4000,40610.1022,36610.1022,873446.694
strong,46,4019.6264,160,119.3699,76372.9009,3955.3123,1527.458,12058.8791,4019.6264,40196.2636,10049.0659,500,3200,4000,41062.5592,37062.5592,910509.2532
strong,47,4059.0376,160,120.5888,77121.7139,3994.093,1542.4343,12177.1127,4059.0376,40590.3757,10147.5939,500,3200,4000,41501.4424,37501.4424,948010.6956
strong,48,4097.2664,160,121.7711,77848.0625,4031.7102,1556.9612,12291.7993,4097.2664,40972.6645,10243.1661,500,3200,4000,41927.1591,37927.1591,985937.8547
strong,49,4134.3485,160,122.918,78552.6206,4068.1989,1571.0524,12403.0454,4134.3485,41343.4845,10335.8711,500,3200,4000,42340.1044,38340.1044,1024277.9591
strong,50,4170.318,160,124.0305,79236.042,4103.5929,1584.7208,12510.954,4170.318,41703.18,10425.795,500,3200,4000,42740.6612,38740.6612,1063018.6203
strong,51,4205.2085,160,125.1095,79898.9607,4137.9251,1597.9792,12615.6254,4205.2085,42052.0846,10513.0211,500,3200,4000,43129.2014,39129.2014,1102147.8217
strong,52,4239.0522,160,126.1563,80541.9919,4171.2274,1610.8398,12717.1566,4239.0522,42390.522,10597.6305,500,3200,4000,43506.0853,39506.0853,1141653.9071
strong,53,4271.8806,160,127.1716,81165.7321,4203.5305,1623.3146,12815.6419,4271.8806,42718.8064,10679.7016,500,3200,4000,43871.6628,39871.6628,1181525.5698
strong,54,4303.7242,160,128.1564,81770.7602,4234.8646,1635.4152,12911.1727,4303.7242,43037.2422,10759.3105,500,3200,4000,44226.2729,40226.2729,1221751.8427
strong,55,4334.6125,160,129.1117,82357.6374,4265.2587,1647.1527,13003.8375,4334.6125,43346.1249,10836.5312,500,3200,4000,44570.2447,40570.2447,1262322.0875
strong,56,4364.5741,160,130.0384,82926.9082,4294.7409,1658.5382,13093.7224,4364.5741,43645.7412,10911.4353,500,3200,4000,44903.8974,40903.8974,1303225.9848
strong,57,4393.6369,160,130.9372,83479.101,4323.3387,1669.582,13180.9107,4393.6369,43936.3689,10984.0922,500,3200,4000,45227.5405,41227.5405,1344453.5253
strong,58,4421.8278,160,131.8091,84014.728,4351.0785,1680.2946,13265.4834,4421.8278,44218.2779,11054.5695,500,3200,4000,45541.4742,41541.4742,1385994.9995
strong,59,4449.173,160,132.6548,84534.2861,4377.9862,1690.6857,13347.5189,4449.173,44491.7295,11122.9324,500,3200,4000,45845.99,41845.99,1427840.9896
strong,60,4475.6978,160,133.4752,85038.2575,4404.0866,1700.7652,13427.0933,4475.6978,44756.9777,11189.2444,500,3200,4000,46141.3703,42141.3703,1469982.3599
